"Categories","Shop by Department"
"Remove This Item", "Delete item"
"Newsletter", "Subscribe to NEWS and SPECIAL GIFT ATTRACTIVE"
"You may also be interested in the following product(s)","You may also like"
"Product Tags","Tags"
"Unit Price","Price"
"Qty","Quantity"
"Discount Codes","Discount Coupon"
"Estimate Shipping and Tax", "Estimate Shipping &amp; Tax"
"Based on your selection, you may be interested in the following items:","You May Also Interested In Following Products"
"Select Your Currency","Currency"